{"cameraMode":{"drawMode":0,"name":"Shaded","section":"Shading Mode"},"sceneLighting":true,"audioPlay":false,"sceneViewState":{"showFog":true,"showMaterialUpdate":false,"showSkybox":true,"showFlares":true,"showImageEffects":true,"showParticleSystems":true},"in2DMode":false,"pivot":{"x":1160.1336669921875,"y":455.699462890625,"z":9.2275390625},"rotation":{"x":-0.08570627868175507,"y":0.0029909186996519567,"z":-0.0002617322315927595,"w":-0.9963159561157227},"size":2099.912841796875,"orthographic":false}